Numero,Tactica,Tipo,Descripcion,Sitios Target,Dificultad,Tiempo Estimado,Prioridad,Notas
1,Asociaciones del Sector,Directorio/Membresia,"Unirse a asociaciones de seguridad privada para obtener listado con backlink y credibilidad","AMESP (Asociacion Mexicana de Empresas de Seguridad Privada), Consejo Nacional de Seguridad Privada AC",Media,2-4 semanas,ALTA,"Requiere membresia. Excelente para E-E-A-T y confianza."
2,Camaras de Comercio,Directorio Local,"Registro en camaras empresariales locales con perfil y link","CANACO CDMX, COPARMEX, CANACINTRA",Baja,1-2 semanas,ALTA,"Facil de obtener. Link .org.mx de alta calidad."
3,Proveedores Tecnologicos,Partnership,"Alianzas con empresas de CCTV y control de acceso para casos de exito cruzados","Hikvision Mexico, Dahua, CDVI, ZKTeco distribuidores",Media,4-6 semanas,MEDIA,"Win-win: ellos mencionan caso de exito, nosotros recomendamos su producto."
4,Guest Posting Blogs Inmobiliarios,Contenido,"Articulos sobre seguridad para blogs de administracion de condominios","blog.neivor.com, comunidadfeliz.mx, inmuebles24 blog",Media,2-4 semanas por articulo,ALTA,"Alto valor. Audiencia exacta. Posiciona como experto."
5,Notas de Prensa,PR Digital,"Comunicados sobre certificaciones, tendencias, nuevos servicios","El Economista, Expansion, Alto Nivel (seccion negocios), Forbes Mexico",Alta,4-8 semanas,MEDIA,"Requiere nota relevante. Ideal para lanzamientos o datos de industria."
6,Universidades,Educativo,"Patrocinio de eventos, platicas en carreras de seguridad/administracion","UNAM, IPN, universidades privadas con carreras en seguridad",Alta,6-12 semanas,BAJA,"Links .edu.mx muy valiosos pero dificiles. Largo plazo."
7,Directorios Proveedores Condominales,Directorio Nicho,"Listados en sitios de servicios para condominios","Solucionescondominales.com, administracioncondominios.mx",Baja,1-2 semanas,ALTA,"Nicho exacto. Facil registro."
8,Testimonios a Proveedores,Mencion,"Dar testimonios a proveedores (uniformes, seguros, equipo) a cambio de mencion","Uniformes Industriales, Aseguradoras, proveedores de radio",Media,2-4 semanas,MEDIA,"Facil si ya son proveedores actuales."
9,HARO/SourceBottle,PR Reactivo,"Responder consultas de periodistas buscando expertos en seguridad","HARO, SourceBottle, Qwoted, periodistas en LinkedIn",Media-Alta,Continuo (2-3 hrs/semana),MEDIA,"Requiere monitoreo constante. Buenos links cuando funciona."
10,Recursos Linkables,Content Marketing,"Crear assets que otros quieran enlazar: calculadora, infografia, estudio","Crear: Calculadora de presupuesto, Infografia estado seguridad Mexico, Estudio de criminalidad por zona",Alta (produccion),4-6 semanas,ALTA,"Inversion inicial alta pero ROI sostenido. Outreach necesario."
11,Menciones sin Link,Link Reclamation,"Buscar menciones de GUPRI en web sin hyperlink y solicitar el link","Google Alerts, Mention.com, busqueda manual",Baja,Continuo,MEDIA,"Facil win si ya hay menciones."
12,Competidores Broken Links,Link Building,"Encontrar links rotos hacia competidores y ofrecer nuestro contenido como reemplazo","Ahrefs/SEMrush broken link checker, contacto webmasters",Media,Continuo,BAJA,"Tactica avanzada. Requiere herramientas."
