Competidor,URL,Top Keywords,Volumen Estimado Mensual,Posicion Aprox,Trafico Organico Estimado,Autoridad Dominio,Observaciones
SEPRICO / Seguridad Privada Condominios,https://seguridadprivadacondominios.com/,"seguridad privada para condominios, seguridad condominios mexico, vigilancia residencial",1200-1800,1-3,2500-4000,25-35,"Dominio exacto match. Estructura de contenido optimizada. Blog activo. Multiples landing pages por servicio. Fuerte SEO on-page."
Seguridad Privada en Condominios (Grupo Aleritz),https://www.seguridadprivadaencondominios.com.mx/,"seguridad privada condominios, guardias condominios cdmx",800-1200,2-5,1500-2500,20-30,"Dominio exacto match con variacion. Enfoque en CDMX y Estado de Mexico. Contenido educativo sobre regulaciones."
Grupo Vergara Seguridad Privada,https://www.vergaraseguridadprivada.com/,"guardias seguridad cdmx, vigilancia residencial cdmx, seguridad condominios",1500-2200,1-5,3000-5000,35-45,"Empresa establecida con +30 anos. Multiples servicios. Buena presencia local en Google Maps. Testimonios verificados."
Seguridad Miztli,https://www.seguridadmiztli.mx/,"vigilantes condominios cdmx, seguridad fraccionamientos, guardias residenciales",600-900,3-8,800-1500,15-25,"Especializado en condominios desde 2014. Buena ubicacion fisica en Insurgentes Sur. NAP consistente."
SPIE Seguridad Privada,https://seguridadprivadaspie.mx/,"empresa seguridad privada mexico, guardias intramuros, seguridad residencial",1000-1500,2-6,1800-3000,30-40,"Multiples certificaciones destacadas. Miembro Coparmex y Consejo Nacional. Transparencia en registros legales."
RCM Seguridad Privada,https://rcmseguridadprivada.com/,"seguridad privada intramuros cdmx, guardias seguridad mexico, vigilancia",1200-1600,2-5,2000-3500,30-35,"Certificaciones SSP destacadas. Contenido sobre tipos de guardias. Landing pages por zona geografica."
Grupo Melider,https://melider.com.mx/,"guardias seguridad condominio, seguridad privada residencial, proteccion condominios",700-1000,4-8,1000-1800,20-28,"Pagina especifica para condominios y residenciales. Enfoque en calles privadas y fraccionamientos."
ON Seguridad Privada,https://onseguridad.net/,"empresa seguridad privada certificada, guardias seguridad mexico, ISO 9001",900-1300,3-7,1500-2500,28-35,"Primera empresa con ISO:9001:2015 para reclutamiento. Presencia en 14+ ciudades. Diferenciador de calidad."
SEPSISA,https://sepsisa.com.mx/,"guardias seguridad privada cdmx, empresa seguridad mexico 24 hrs, vigilancia",1400-2000,1-4,2500-4500,35-42,"18+ anos experiencia. Servicios integrales (alarmas, CCTV, GPS). Fuerte presencia en CDMX."
Cygnus Seguridad Privada,https://www.cygnusseguridadprivada.com/,"seguridad privada cdmx, guardias corporativos, vigilancia condominios",800-1100,4-8,1200-2000,22-30,"Enfoque multicliente (corporativos, condominios, partidos). Servicio personalizado."
Corporativo ULTRA,https://www.corporativoultra.com/,"empresas seguridad privada mexico, guardias intramuros, consultorias seguridad",1100-1500,2-5,2000-3200,32-40,"36+ anos experiencia. Blog educativo con rankings. CCTV y consultoria. Autoridad en contenido."
Grupo IESS,https://grupoiess.com/,"seguridad residencial mexico, guardias certificados usa mexico, proteccion condominios",500-800,5-10,700-1200,25-32,"Certificaciones Mexico y USA. Enfoque en entrenamiento exhaustivo. Mercado premium."
PEASA Seguridad,https://seguridadpeasa.mx/,"seguridad privada fraccionamientos, guardias residenciales verificados, seguridad electronica",600-900,4-9,900-1600,20-28,"30+ anos. Combinacion seguridad fisica y electronica. Verificacion ante SSC."
Bunker Delta,https://www.bunkerdelta.mx/,"guardias seguridad intramuros, custodia traslados, seguridad empresas",700-1000,5-10,1000-1800,18-25,"Especializados en custodia. Guardias especializados (bilingue, encubierto, armado). Nicho diferenciado."
Control de Acceso Mexico,https://www.controldeaccesomexico.com/,"control acceso condominios, sistemas biometricos mexico, torniquetes",400-700,3-7,600-1200,15-22,"Nicho tecnologico. Soluciones de hardware. Complemento a servicios de guardias."
